{
  "rows_valid_position": 44949,
  "duration_s": 89.89578342396999,
  "sample_dt_median_s": 0.0020000000076834112,
  "sample_rate_hz_from_median_dt": 499.9999980791472,
  "lat_start": 39.73759218444912,
  "lon_start": -84.17650589839245,
  "lat_end": 39.73759748213326,
  "lon_end": -84.17649700518947,
  "east_range_m": [
    -2.050931713815592,
    6.460788221790231
  ],
  "north_range_m": [
    -6.7174204158177835,
    2.237981730559997
  ],
  "net_east_m": 0.7612803562022116,
  "net_north_m": 0.5897355008773069,
  "net_distance_m": 0.9629827317944877,
  "median_step_m": 0.00012112731838665445,
  "p95_step_m": 0.0028316654403195006,
  "p99_step_m": 0.0032312525841868586,
  "max_step_m": 0.9357738295630109,
  "spike_threshold_m": 0.05,
  "spike_count": 167,
  "boundary_step_median_m": 0.00012024082600033852,
  "non_boundary_step_median_m": 0.00012116679914957973,
  "boundary_step_p95_m": 0.002807697527780053,
  "non_boundary_step_p95_m": 0.0028321924222474925,
  "velocity_speed_mean_mps": 0.3789079690152055,
  "velocity_speed_median_mps": 0.058511972494409085,
  "step_speed_median_mps": 0.060563658960659475,
  "yaw_min_max_deg": [
    -179.98894010250092,
    179.9876696873153
  ],
  "course_0p1_minus_yaw_median_deg": -32.18825722441221,
  "course_0p1_minus_yaw_p10_p90_deg": [
    -128.02074880793845,
    113.59964034172658
  ],
  "rows_per_0p1s_bin_median": 50.0,
  "first_10_top_steps": [
    {
      "row_index_0based": 31724,
      "time_s": 152744.82870208,
      "rel_time_s": 63.44784998398973,
      "step_m": 0.9357738295630109,
      "dt_s": 0.0020000000076834112,
      "east_m": 5.525045360492915,
      "north_m": -2.8369799463942704,
      "yaw_deg": 83.13278687897478,
      "course_deg": -90.46613511712044,
      "is_0p1s_boundary": false
    },
    {
      "row_index_0based": 25724,
      "time_s": 152732.8287328,
      "rel_time_s": 51.44788070398499,
      "step_m": 0.5375161575094403,
      "dt_s": 0.001999999978579581,
      "east_m": -1.3684371438686482,
      "north_m": -4.0512466487228895,
      "yaw_deg": -127.61059626350428,
      "course_deg": 87.44859262915116,
      "is_0p1s_boundary": false
    },
    {
      "row_index_0based": 36724,
      "time_s": 152754.82867622402,
      "rel_time_s": 73.44782412800123,
      "step_m": 0.3232729402250466,
      "dt_s": 0.0020000000076834112,
      "east_m": -0.41186852590240425,
      "north_m": 0.6155884570402033,
      "yaw_deg": -30.86784125567329,
      "course_deg": 86.6423065486158,
      "is_0p1s_boundary": false
    },
    {
      "row_index_0based": 36824,
      "time_s": 152755.028675712,
      "rel_time_s": 73.64782361598918,
      "step_m": 0.3198423589284133,
      "dt_s": 0.0020000000076834112,
      "east_m": -0.3883701367339698,
      "north_m": 0.6027251669877954,
      "yaw_deg": -30.885480219204847,
      "course_deg": 83.76089179227051,
      "is_0p1s_boundary": false
    },
    {
      "row_index_0based": 37024,
      "time_s": 152755.428674432,
      "rel_time_s": 74.0478223359969,
      "step_m": 0.31778211151331187,
      "dt_s": 0.0020000000076834112,
      "east_m": -0.29999333644475046,
      "north_m": 0.5939937372226195,
      "yaw_deg": -31.045036853310933,
      "course_deg": 81.80334789305618,
      "is_0p1s_boundary": false
    },
    {
      "row_index_0based": 37124,
      "time_s": 152755.628674176,
      "rel_time_s": 74.24782207998214,
      "step_m": 0.3162210469618445,
      "dt_s": 0.001999999978579581,
      "east_m": -0.2242649251421058,
      "north_m": 0.5912726982975683,
      "yaw_deg": -31.00601598258265,
      "course_deg": 81.67414757407118,
      "is_0p1s_boundary": false
    },
    {
      "row_index_0based": 36924,
      "time_s": 152755.228674944,
      "rel_time_s": 73.84782284797984,
      "step_m": 0.3079957250368789,
      "dt_s": 0.001999999978579581,
      "east_m": -0.3580072039904158,
      "north_m": 0.5972990913034597,
      "yaw_deg": -30.990057245586915,
      "course_deg": 82.29079048081735,
      "is_0p1s_boundary": false
    },
    {
      "row_index_0based": 37224,
      "time_s": 152755.82867340802,
      "rel_time_s": 74.4478213120019,
      "step_m": 0.305703638185437,
      "dt_s": 0.0020000000076834112,
      "east_m": -0.13736011988873878,
      "north_m": 0.5908111721393215,
      "yaw_deg": -30.99966732174912,
      "course_deg": 81.16209865569004,
      "is_0p1s_boundary": false
    },
    {
      "row_index_0based": 37324,
      "time_s": 152756.028672896,
      "rel_time_s": 74.64782079998986,
      "step_m": 0.2962657457321268,
      "dt_s": 0.0020000000076834112,
      "east_m": -0.03864163237732305,
      "north_m": 0.5928715045701636,
      "yaw_deg": -30.982281075216854,
      "course_deg": 80.67495883316013,
      "is_0p1s_boundary": false
    },
    {
      "row_index_0based": 35424,
      "time_s": 152752.22868364802,
      "rel_time_s": 70.84783155200421,
      "step_m": 0.29350733532829454,
      "dt_s": 0.0020000000076834112,
      "east_m": 1.5985091042683042,
      "north_m": 1.7799627628157657,
      "yaw_deg": -6.134267598782499,
      "course_deg": 169.61195706413253,
      "is_0p1s_boundary": false
    }
  ]
}